{
  "종로구": [37.5949159, 126.977339],
  "중구": [37.5601443, 126.9959649],
  "용산구": [37.5313805, 126.9798839],
  "성동구": [37.5510171, 127.0410394],
  "광진구": [37.5467284, 127.0857543],
  "동대문구": [37.5819561, 127.054846],
  "중랑구": [37.5978139, 127.0928927],
  "성북구": [37.6056991, 127.0175664],
  "강북구": [37.6434801, 127.0111839],
  "도봉구": [37.6691065, 127.0323527],
  "노원구": [37.6525076, 127.075042],
  "은평구": [37.6191784, 126.9270142],
  "서대문구": [37.5777796, 126.9390623],
  "마포구": [37.5593115, 126.9082589],
  "양천구": [37.5247402, 126.8553909],
  "강서구": [37.5612346, 126.8228132],
  "구로구": [37.4944134, 126.8563336],
  "금천구": [37.4605655, 126.9008183],
  "영등포구": [37.5223245, 126.9101692],
  "동작구": [37.4988794, 126.9516345],
  "관악구": [37.4673709, 126.9453359],
  "서초구": [37.4732933, 127.0312101],
  "강남구": [37.4966645, 127.0629804],
  "송파구": [37.5056205, 127.1152992],
  "강동구": [37.5504483, 127.1470117]
}
